{"Actions ACT-ATM7029": "4126", "AllWinner A10": "3675", "AllWinner A13": "3713", "AMD 3015e": "12718", "AMD 3020e": "12720", "AMD A10 Micro-6700T": "5911", "AMD A10 Pro-7350B": "5994", "AMD A10-4600M": "3112", "AMD A10-4655M": "3319", "AMD A10-4657M": "3951", "AMD A10-5745M": "4158", "AMD A10-5750M": "4154", "AMD A10-5757M": "3747", "AMD A10-5800K": "3788", "AMD A10-6800K": "4410", "AMD A10-7300": "5990", "AMD A10-7400P": "5989", "AMD A10-7700K": "5799", "AMD A10-7850K": "5700", "AMD A10-8700P": "6845", "AMD A10-9600P": "8094", "AMD A10-9620P": "9188", "AMD A12-9700P": "8166", "AMD A12-9720P": "9192", "AMD A4 Micro-6400T": "5912", "AMD A4-1200": "4153", "AMD A4-1250": "4152", "AMD A4-1350": "4594", "AMD A4-3300M": "2696", "AMD A4-3305M": "3031", "AMD A4-3310MX": "2697", "AMD A4-3320M": "2865", "AMD A4-3330MX": "3033", "AMD A4-4300M": "3337", "AMD A4-4355M": "3517", "AMD A4-5000": "4146", "AMD A4-5050": "5299", "AMD A4-5100": "4757", "AMD A4-5145M": "4160", "AMD A4-5150M": "3781", "AMD A4-5300": "3790", "AMD A4-6210": "5904", "AMD A4-7210": "6864", "AMD A4-9120": "9890", "AMD A4-9120C": "11211", "AMD A6 Pro-7050B": "5996", "AMD A6-1450": "4116", "AMD A6-3400M": "2695", "AMD A6-3410MX": "2699", "AMD A6-3420M": "2863", "AMD A6-3430MX": "3034", "AMD A6-4400M": "3101", "AMD A6-4455M": "3320", "AMD A6-5200": "4148", "AMD A6-5345M": "4159", "AMD A6-5350M": "3780", "AMD A6-5357M": "4157", "AMD A6-6310": "5908", "AMD A6-6400K": "4411", "AMD A6-7000": "5993", "AMD A6-7310": "6863", "AMD A6-8500P": "7089", "AMD A6-9210": "8182", "AMD A6-9220": "9326", "AMD A6-9220C": "11221", "AMD A6-9220e": "11876", "AMD A6-9225": "11281", "AMD A8 Pro-7150B": "5995", "AMD A8-3500M": "2700", "AMD A8-3510MX": "2701", "AMD A8-3520M": "2861", "AMD A8-3530MX": "2702", "AMD A8-3550MX": "3035", "AMD A8-3850": "2723", "AMD A8-4500M": "3318", "AMD A8-4555M": "3518", "AMD A8-4557M": "3949", "AMD A8-5545M": "3748", "AMD A8-5550M": "3779", "AMD A8-5557M": "4156", "AMD A8-5600K": "3789", "AMD A8-6410": "6219", "AMD A8-6600K": "4412", "AMD A8-7100": "5992", "AMD A8-7200P": "5991", "AMD A8-7410": "6860", "AMD A8-7650K": "6676", "AMD A8-8600P": "6846", "AMD A9-9410": "8181", "AMD A9-9420": "9184", "AMD A9-9420e": "10052", "AMD A9-9425": "11291", "AMD Athlon 300U": "11201", "AMD Athlon Gold 3150U": "11693", "AMD Athlon PRO 300U": "11338", "AMD Athlon Silver 3050e": "12722", "AMD Athlon Silver 3050U": "11695", "AMD C-30": "1515", "AMD C-50": "1513", "AMD C-60": "2362", "AMD C-70": "3583", "AMD E-240": "1511", "AMD E-300": "2854", "AMD E-350": "1509", "AMD E-450": "2852", "AMD E1 Micro-6200T": "5913", "AMD E1-1200": "3146", "AMD E1-1500": "3634", "AMD E1-2100": "4151", "AMD E1-2200": "4758", "AMD E1-2500": "4150", "AMD E1-6010": "5910", "AMD E1-7010": "6866", "AMD E2-1800": "3144", "AMD E2-2000": "3632", "AMD E2-3000": "4149", "AMD E2-3000M": "2698", "AMD E2-3800": "4759", "AMD E2-6110": "5909", "AMD E2-7110": "6865", "AMD E2-9000": "9294", "AMD E2-9010": "8183", "AMD FX-7500": "5988", "AMD FX-7600P": "5987", "AMD FX-8350": "3797", "AMD FX-8800P": "6843", "AMD FX-9800P": "8158", "AMD FX-9830P": "8165", "AMD GX-210JA": "4478", "AMD Pro A10-8700B": "7008", "AMD Pro A12-8800B": "7007", "AMD PRO A12-9800B": "8544", "AMD PRO A12-9830B": "8550", "AMD Pro A6-8500B": "7090", "AMD Pro A8-8600B": "7009", "AMD PRO A8-9600B": "9948", "AMD Ryzen 3 1200": "9324", "AMD Ryzen 3 1300X": "9304", "AMD Ryzen 3 2200G": "9896", "AMD Ryzen 3 2200U": "9670", "AMD Ryzen 3 2300U": "9672", "AMD Ryzen 3 3100": "12168", "AMD Ryzen 3 3200U": "11191", "AMD Ryzen 3 3250U": "12255", "AMD Ryzen 3 3300U": "11181", "AMD Ryzen 3 3300X": "12167", "AMD Ryzen 3 4300U": "11697", "AMD Ryzen 3 5300U": "12985", "AMD Ryzen 3 5400U": "12989", "AMD Ryzen 3 PRO 2200U": "10134", "AMD Ryzen 3 PRO 2300U": "11171", "AMD Ryzen 3 PRO 3300U": "11336", "AMD Ryzen 3 PRO 4450U": "12195", "AMD Ryzen 5 1400": "9134", "AMD Ryzen 5 1500X": "9166", "AMD Ryzen 5 1600": "9132", "AMD Ryzen 5 2400G": "9894", "AMD Ryzen 5 2500U": "9310", "AMD Ryzen 5 2600": "10032", "AMD Ryzen 5 2600H": "10146", "AMD Ryzen 5 2600X": "9980", "AMD Ryzen 5 3500U": "11161", "AMD Ryzen 5 3550H": "11151", "AMD Ryzen 5 3580U": "11514", "AMD Ryzen 5 4500U": "11687", "AMD Ryzen 5 4600H": "11679", "AMD Ryzen 5 4600HS": "11691", "AMD Ryzen 5 4600U": "11685", "AMD Ryzen 5 5500U": "12981", "AMD Ryzen 5 5600U": "12983", "AMD Ryzen 5 5600X": "12785", "AMD Ryzen 5 PRO 2500U": "10130", "AMD Ryzen 5 PRO 3500U": "11334", "AMD Ryzen 5 PRO 4650U": "12193", "AMD Ryzen 7 1700": "8516", "AMD Ryzen 7 1700X": "8512", "AMD Ryzen 7 1800X": "8514", "AMD Ryzen 7 2700": "10030", "AMD Ryzen 7 2700U": "9314", "AMD Ryzen 7 2700X": "9978", "AMD Ryzen 7 2800H": "10144", "AMD Ryzen 7 3700U": "11141", "AMD Ryzen 7 3700X": "11443", "AMD Ryzen 7 3750H": "11131", "AMD Ryzen 7 3780U": "11512", "AMD Ryzen 7 3800XT": "12265", "AMD Ryzen 7 4700U": "11683", "AMD Ryzen 7 4800H": "11677", "AMD Ryzen 7 4800HS": "11689", "AMD Ryzen 7 4800U": "11681", "AMD Ryzen 7 5700U": "12978", "AMD Ryzen 7 5800U": "12976", "AMD Ryzen 7 5800X": "12783", "AMD Ryzen 7 PRO 2700U": "10132", "AMD Ryzen 7 PRO 3700U": "11332", "AMD Ryzen 7 PRO 4750U": "12191", "AMD Ryzen 9 3900": "12174", "AMD Ryzen 9 3900X": "11456", "AMD Ryzen 9 3950X": "12204", "AMD Ryzen 9 4900H": "11929", "AMD Ryzen 9 4900HS": "11882", "AMD Ryzen 9 5900X": "12782", "AMD Ryzen 9 5950X": "12787", "AMD Ryzen Embedded R1505G": "12641", "AMD Ryzen Threadripper 1950X": "9986", "AMD Ryzen Threadripper 2920X": "11101", "AMD Ryzen Threadripper 2950X": "10114", "AMD Ryzen Threadripper 2970WX": "11006", "AMD Z-01": "2690", "AMD Z-60": "3589", "Amlogic AML8726-MX": "3611", "Apple A10 Fusion": "8178", "Apple A10X Fusion": "9162", "Apple A11 Bionic": "9250", "Apple A12 Bionic": "10166", "Apple A12X Bionic": "10881", "Apple A12Z Bionic": "11937", "Apple A13 Bionic": "11496", "Apple A14 Bionic": "12759", "Apple A4": "1216", "Apple A5": "2331", "Apple A5x": "3094", "Apple A6": "3551", "Apple A6x": "3609", "Apple A7": "4635", "Apple A8": "6376", "Apple A8X": "6441", "Apple A9": "7085", "Apple A9X": "7087", "Apple M1": "12937", "Apple S5": "11530", "Apple S6": "12834", "ARM Cortex A8 1.2 GHz": "3316", "ARM Cortex A8 1GHz": "1858", "Broadcom BCM21664T": "5948", "Broadcom BCM28155": "3771", "CSR8670": "6793", "Cypress PSoC6 MCU": "12746", "DK3.5+ST": "12765", "HiSilicon k3v2 Hi3620": "3613", "HiSilicon Kirin 620": "6667", "HiSilicon Kirin 650": "8075", "HiSilicon Kirin 655": "8478", "HiSilicon Kirin 658": "8960", "HiSilicon Kirin 659": "9252", "HiSilicon Kirin 710": "10172", "HiSilicon Kirin 710A": "12945", "HiSilicon Kirin 810": "12116", "HiSilicon Kirin 820": "12581", "HiSilicon Kirin 9000": "12943", "HiSilicon Kirin 910": "6344", "HiSilicon Kirin 910T": "6191", "HiSilicon Kirin 920": "6653", "HiSilicon Kirin 925": "6432", "HiSilicon Kirin 930": "6663", "HiSilicon Kirin 935": "6774", "HiSilicon Kirin 950": "7969", "HiSilicon Kirin 955": "8059", "HiSilicon Kirin 960": "8366", "HiSilicon Kirin 960s": "9952", "HiSilicon Kirin 970": "9236", "HiSilicon Kirin 980": "10436", "HiSilicon Kirin 990": "11510", "HiSilicon Kirin 990 5G": "11508", "Huawei Kirin A1": "12639", "Intel Atom D2550": "3045", "Intel Atom D2560": "3592", "Intel Atom D2700": "2992", "Intel Atom E3805": "6455", "Intel Atom E3815": "6454", "Intel Atom E3825": "6453", "Intel Atom E3826": "6452", "Intel Atom E3827": "6451", "Intel Atom E3845": "6450", "Intel Atom N2600": "2684", "Intel Atom N2650": "3044", "Intel Atom N2800": "2686", "Intel Atom N2850": "3043", "Intel Atom x3-C3130": "6656", "Intel Atom x3-C3230RK": "6657", "Intel Atom x3-C3440": "6658", "Intel Atom x5-E8000": "11363", "Intel Atom x5-Z8300": "6677", "Intel Atom x5-Z8350": "8088", "Intel Atom x5-Z8500": "6671", "Intel Atom x5-Z8550": "8305", "Intel Atom x7-E3950": "11426", "Intel Atom x7-Z8700": "6670", "Intel Atom x7-Z8750": "9070", "Intel Atom Z2420": "3775", "Intel Atom Z2460": "3061", "Intel Atom Z2480": "3603", "Intel Atom Z2560": "4268", "Intel Atom Z2580": "3452", "Intel Atom Z2760": "3579", "Intel Atom Z3460": "6207", "Intel Atom Z3480": "6216", "Intel Atom Z3530": "6330", "Intel Atom Z3560": "6331", "Intel Atom Z3570": "6491", "Intel Atom Z3580": "6332", "Intel Atom Z3680": "4579", "Intel Atom Z3680D": "4580", "Intel Atom Z3735D": "5964", "Intel Atom Z3735E": "5965", "Intel Atom Z3735F": "5966", "Intel Atom Z3735G": "5967", "Intel Atom Z3736F": "6210", "Intel Atom Z3736G": "6212", "Intel Atom Z3740": "4472", "Intel Atom Z3740D": "4473", "Intel Atom Z3745": "5933", "Intel Atom Z3745D": "5935", "Intel Atom Z3770": "4470", "Intel Atom Z3770D": "4471", "Intel Atom Z3775": "5937", "Intel Atom Z3775D": "5939", "Intel Atom Z3785": "6214", "Intel Atom Z3795": "5968", "Intel Celeron 1000M": "3717", "Intel Celeron 1005M": "3945", "Intel Celeron 1007U": "3720", "Intel Celeron 1017U": "3947", "Intel Celeron 1019Y": "3943", "Intel Celeron 1020E": "3598", "Intel Celeron 1020M": "3718", "Intel Celeron 1037U": "3719", "Intel Celeron 1047UE": "3596", "Intel Celeron 2950M": "4560", "Intel Celeron 2955U": "4468", "Intel Celeron 2957U": "4743", "Intel Celeron 2961Y": "4970", "Intel Celeron 2970M": "5867", "Intel Celeron 2980U": "4466", "Intel Celeron 2981U": "4744", "Intel Celeron 3205U": "6403", "Intel Celeron 3215U": "6884", "Intel Celeron 3755U": "6402", "Intel Celeron 3765U": "6886", "Intel Celeron 3865U": "9594", "Intel Celeron 3867U": "11927", "Intel Celeron 3965U": "9592", "Intel Celeron 3965Y": "9588", "Intel Celeron 4205U": "11266", "Intel Celeron 5205U": "11526", "Intel Celeron 6205": "12246", "Intel Celeron 6305": "12244", "Intel Celeron 797": "3009", "Intel Celeron 807": "3364", "Intel Celeron 847": "2730", "Intel Celeron 867": "3011", "Intel Celeron 877": "3342", "Intel Celeron 887": "3348", "Intel Celeron 927UE": "3594", "Intel Celeron B710": "2835", "Intel Celeron B720": "3013", "Intel Celeron B730": "3360", "Intel Celeron B800": "2726", "Intel Celeron B810": "2328", "Intel Celeron B815": "2994", "Intel Celeron B820": "3362", "Intel Celeron B830": "3499", "Intel Celeron B840": "2859", "Intel Celeron J1750": "4519", "Intel Celeron J1800": "4767", "Intel Celeron J1850": "4517", "Intel Celeron J1900": "4768", "Intel Celeron J3355": "11501", "Intel Celeron J4005": "10044", "Intel Celeron J4105": "9928", "Intel Celeron J4115": "12643", "Intel Celeron J4125": "12749", "Intel Celeron N2805": "4578", "Intel Celeron N2806": "4987", "Intel Celeron N2807": "5682", "Intel Celeron N2808": "6007", "Intel Celeron N2810": "4577", "Intel Celeron N2815": "4989", "Intel Celeron N2820": "4991", "Intel Celeron N2830": "5684", "Intel Celeron N2840": "6008", "Intel Celeron N2910": "4576", "Intel Celeron N2920": "4993", "Intel Celeron N2930": "5686", "Intel Celeron N2940": "6009", "Intel Celeron N3000": "6782", "Intel Celeron N3050": "6781", "Intel Celeron N3060": "8067", "Intel Celeron N3150": "6780", "Intel Celeron N3160": "8167", "Intel Celeron N3350": "8185", "Intel Celeron N3450": "8184", "Intel Celeron N4000": "9426", "Intel Celeron N4020": "11535", "Intel Celeron N4100": "9424", "Intel Celeron N4120": "11533", "Intel Core i3-1000G1": "11452", "Intel Core i3-1000G4": "11454", "Intel Core i3-1000NG4": "11942", "Intel Core i3-1005G1": "11413", "Intel Core i3-10100": "12793", "Intel Core i3-10100F": "12774", "Intel Core i3-10110U": "11463", "Intel Core i3-10110Y": "11469", "Intel Core i3-1110G4": "12738", "Intel Core i3-1115G4": "12242", "Intel Core i3-1120G4": "12742", "Intel Core i3-1125G4": "12740", "Intel Core i3-2308M": "3511", "Intel Core i3-2310M": "1571", "Intel Core i3-2312M": "3513", "Intel Core i3-2328M": "3504", "Intel Core i3-2330M": "2364", "Intel Core i3-2348M": "3617", "Intel Core i3-2350M": "2671", "Intel Core i3-2357M": "2742", "Intel Core i3-2365M": "3501", "Intel Core i3-2367M": "2986", "Intel Core i3-2370M": "3015", "Intel Core i3-2375M": "3755", "Intel Core i3-2377M": "3367", "Intel Core i3-3110M": "3304", "Intel Core i3-3120M": "3562", "Intel Core i3-3130M": "3733", "Intel Core i3-3217U": "3100", "Intel Core i3-3220": "3765", "Intel Core i3-3227U": "3734", "Intel Core i3-3229Y": "3651", "Intel Core i3-4000M": "4216", "Intel Core i3-4005U": "4570", "Intel Core i3-4010U": "4222", "Intel Core i3-4010Y": "4224", "Intel Core i3-4012Y": "4571", "Intel Core i3-4020Y": "4572", "Intel Core i3-4025U": "5858", "Intel Core i3-4030U": "5859", "Intel Core i3-4030Y": "5854", "Intel Core i3-4100E": "4474", "Intel Core i3-4100M": "4215", "Intel Core i3-4100U": "4221", "Intel Core i3-4102E": "4475", "Intel Core i3-4110M": "5883", "Intel Core i3-4120U": "5860", "Intel Core i3-4158U": "4257", "Intel Core i3-5005U": "6390", "Intel Core i3-5010U": "6389", "Intel Core i3-5015U": "6764", "Intel Core i3-5020U": "6766", "Intel Core i3-5157U": "6407", "Intel Core i3-6006U": "8373", "Intel Core i3-6100H": "6970", "Intel Core i3-6100U": "6965", "Intel Core i3-6157U": "8470", "Intel Core i3-6167U": "7037", "Intel Core i3-7020U": "10921", "Intel Core i3-7100H": "8418", "Intel Core i3-7100U": "8153", "Intel Core i3-7130U": "9178", "Intel Core i3-7167U": "8455", "Intel Core i3-8100H": "10058", "Intel Core i3-8109U": "10066", "Intel Core i3-8121U": "10034", "Intel Core i3-8130U": "9518", "Intel Core i3-8145U": "10118", "Intel Core i3-9100F": "12190", "Intel Core i3-L13G4": "12250", "Intel Core i5-10200H": "12747", "Intel Core i5-10210U": "11459", "Intel Core i5-10210Y": "11483", "Intel Core i5-10300H": "11706", "Intel Core i5-1030G4": "11450", "Intel Core i5-1030G7": "11448", "Intel Core i5-1030NG7": "11945", "Intel Core i5-10310U": "12202", "Intel Core i5-10310Y": "11467", "Intel Core i5-1034G1": "11415", "Intel Core i5-1035G1": "11411", "Intel Core i5-1035G4": "11409", "Intel Core i5-1035G7": "11401", "Intel Core i5-1038NG7": "12176", "Intel Core i5-10400F": "12714", "Intel Core i5-10400H": "11958", "Intel Core i5-10600K": "12212", "Intel Core i5-1130G7": "12736", "Intel Core i5-1135G7": "12238", "Intel Core i5-1140G7": "12734", "Intel Core i5-1145G7": "12236", "Intel Core i5-2400": "1592", "Intel Core i5-2410M": "1572", "Intel Core i5-2415M": "2345", "Intel Core i5-2430M": "2673", "Intel Core i5-2435M": "2910", "Intel Core i5-2450M": "3001", "Intel Core i5-2467M": "2740", "Intel Core i5-2500K": "1573", "Intel Core i5-2520M": "1493", "Intel Core i5-2537M": "1577", "Intel Core i5-2540M": "1495", "Intel Core i5-2557M": "2724", "Intel Core i5-3210M": "3084", "Intel Core i5-3230M": "3620", "Intel Core i5-3317U": "3083", "Intel Core i5-3320M": "3076", "Intel Core i5-3337U": "3735", "Intel Core i5-3339Y": "3650", "Intel Core i5-3340M": "3622", "Intel Core i5-3360M": "3077", "Intel Core i5-3380M": "3624", "Intel Core i5-3427U": "3067", "Intel Core i5-3437U": "3626", "Intel Core i5-3439Y": "3649", "Intel Core i5-3470": "3764", "Intel Core i5-3550": "3210", "Intel Core i5-3570K": "3767", "Intel Core i5-4200H": "4573", "Intel Core i5-4200M": "4214", "Intel Core i5-4200U": "4220", "Intel Core i5-4200Y": "4223", "Intel Core i5-4202Y": "4574", "Intel Core i5-4210H": "6217", "Intel Core i5-4210M": "5884", "Intel Core i5-4210U": "5861", "Intel Core i5-4210Y": "4575", "Intel Core i5-4220Y": "5855", "Intel Core i5-4250U": "4219", "Intel Core i5-4258U": "4256", "Intel Core i5-4260U": "5862", "Intel Core i5-4278U": "6220", "Intel Core i5-4288U": "4255", "Intel Core i5-4300M": "4213", "Intel Core i5-4300U": "4464", "Intel Core i5-4300Y": "4557", "Intel Core i5-4302Y": "4558", "Intel Core i5-4308U": "6222", "Intel Core i5-4310M": "5011", "Intel Core i5-4310U": "5009", "Intel Core i5-4330M": "4212", "Intel Core i5-4340M": "5007", "Intel Core i5-4350U": "4190", "Intel Core i5-4360U": "5005", "Intel Core i5-4402E": "4477", "Intel Core i5-4430": "7887", "Intel Core i5-4460": "7954", "Intel Core i5-4590": "6948", "Intel Core i5-5200U": "6387", "Intel Core i5-5250U": "6388", "Intel Core i5-5257U": "6406", "Intel Core i5-5287U": "6405", "Intel Core i5-5300U": "6385", "Intel Core i5-5350H": "6828", "Intel Core i5-5350U": "6386", "Intel Core i5-6198DU": "8486", "Intel Core i5-6200U": "6966", "Intel Core i5-6260U": "7042", "Intel Core i5-6267U": "7038", "Intel Core i5-6287U": "7039", "Intel Core i5-6300HQ": "6971", "Intel Core i5-6300U": "6967", "Intel Core i5-6350HQ": "8016", "Intel Core i5-6360U": "7043", "Intel Core i5-6400": "9322", "Intel Core i5-6400T": "8006", "Intel Core i5-6440HQ": "6972", "Intel Core i5-6500": "7839", "Intel Core i5-6500T": "8005", "Intel Core i5-6600K": "6950", "Intel Core i5-6600T": "7859", "Intel Core i5-7200U": "8152", "Intel Core i5-7260U": "8450", "Intel Core i5-7267U": "8454", "Intel Core i5-7287U": "8452", "Intel Core i5-7300HQ": "8417", "Intel Core i5-7300U": "8411", "Intel Core i5-7360U": "8449", "Intel Core i5-7440HQ": "8416", "Intel Core i5-7500": "9238", "Intel Core i5-7500T": "9320", "Intel Core i5-7600K": "8528", "Intel Core i5-7Y54": "8162", "Intel Core i5-7Y57": "9230", "Intel Core i5-8200Y": "10084", "Intel Core i5-8210Y": "10886", "Intel Core i5-8250U": "9206", "Intel Core i5-8257U": "11433", "Intel Core i5-8259U": "10068", "Intel Core i5-8265U": "10116", "Intel Core i5-8269U": "10070", "Intel Core i5-8279U": "11503", "Intel Core i5-8300H": "9570", "Intel Core i5-8305G": "9674", "Intel Core i5-8350U": "9214", "Intel Core i5-8365U": "11330", "Intel Core i5-8400": "9298", "Intel Core i5-8400H": "9572", "Intel Core i5-8500": "11246", "Intel Core i5-8500T": "10946", "Intel Core i5-8600K": "9800", "Intel Core i5-9300H": "11356", "Intel Core i5-9300HF": "12136", "Intel Core i5-9400F": "12197", "Intel Core i5-9400H": "11354", "Intel Core i5-9600K": "11231", "Intel Core i5-L16G7": "12215", "Intel Core i7-10510U": "11457", "Intel Core i7-10510Y": "11465", "Intel Core i7-1060G7": "11446", "Intel Core i7-1060NG7": "11947", "Intel Core i7-10610U": "12200", "Intel Core i7-1065G7": "11399", "Intel Core i7-1068G7": "11444", "Intel Core i7-10700K": "12778", "Intel Core i7-10710U": "11461", "Intel Core i7-10750H": "11708", "Intel Core i7-10810U": "11935", "Intel Core i7-10850H": "11960", "Intel Core i7-10870H": "12757", "Intel Core i7-10875H": "11949", "Intel Core i7-1160G7": "12732", "Intel Core i7-1165G7": "12118", "Intel Core i7-11700K": "12999", "Intel Core i7-1180G7": "12730", "Intel Core i7-1185G7": "12248", "Intel Core i7-2600K": "1574", "Intel Core i7-2617M": "1578", "Intel Core i7-2620M": "1497", "Intel Core i7-2629M": "1580", "Intel Core i7-2630QM": "1517", "Intel Core i7-2635QM": "1575", "Intel Core i7-2637M": "2736", "Intel Core i7-2640M": "2839", "Intel Core i7-2649M": "1581", "Intel Core i7-2657M": "1579", "Intel Core i7-2670QM": "2850", "Intel Core i7-2675QM": "2870", "Intel Core i7-2677M": "2738", "Intel Core i7-2700K": "3008", "Intel Core i7-2720QM": "1499", "Intel Core i7-2760QM": "2841", "Intel Core i7-2820QM": "1501", "Intel Core i7-2860QM": "2844", "Intel Core i7-2920XM": "1503", "Intel Core i7-2960XM": "2846", "Intel Core i7-3517U": "3098", "Intel Core i7-3520M": "3065", "Intel Core i7-3537U": "3736", "Intel Core i7-3540M": "3628", "Intel Core i7-3610QM": "3086", "Intel Core i7-3612QM": "3087", "Intel Core i7-3615QM": "3085", "Intel Core i7-3630QM": "3359", "Intel Core i7-3632QM": "3366", "Intel Core i7-3635QM": "3582", "Intel Core i7-3667U": "3078", "Intel Core i7-3687U": "3630", "Intel Core i7-3689Y": "3648", "Intel Core i7-3720QM": "3064", "Intel Core i7-3740QM": "3347", "Intel Core i7-3770K": "3058", "Intel Core i7-3820QM": "3063", "Intel Core i7-3840QM": "3346", "Intel Core i7-3920XM": "3062", "Intel Core i7-3940XM": "3345", "Intel Core i7-3960X": "3005", "Intel Core i7-4500U": "4218", "Intel Core i7-4510U": "5863", "Intel Core i7-4550U": "4217", "Intel Core i7-4558U": "4254", "Intel Core i7-4578U": "6224", "Intel Core i7-4600M": "4211", "Intel Core i7-4600U": "4559", "Intel Core i7-4610M": "5002", "Intel Core i7-4610Y": "4556", "Intel Core i7-4650U": "4189", "Intel Core i7-4700HQ": "4197", "Intel Core i7-4700MQ": "4144", "Intel Core i7-4702HQ": "4198", "Intel Core i7-4702MQ": "4172", "Intel Core i7-4710HQ": "5864", "Intel Core i7-4710MQ": "5885", "Intel Core i7-4712HQ": "5865", "Intel Core i7-4712MQ": "5886", "Intel Core i7-4720HQ": "6599", "Intel Core i7-4722HQ": "6601", "Intel Core i7-4750HQ": "4205", "Intel Core i7-4760HQ": "5866", "Intel Core i7-4770HQ": "6236", "Intel Core i7-4770K": "4207", "Intel Core i7-4790": "6772", "Intel Core i7-4790K": "6457", "Intel Core i7-4790S": "6614", "Intel Core i7-4790T": "6675", "Intel Core i7-4800MQ": "3666", "Intel Core i7-4810MQ": "5001", "Intel Core i7-4850HQ": "3953", "Intel Core i7-4860HQ": "4999", "Intel Core i7-4870HQ": "6238", "Intel Core i7-4900MQ": "3665", "Intel Core i7-4910MQ": "4997", "Intel Core i7-4930MX": "3663", "Intel Core i7-4940MX": "4995", "Intel Core i7-4950HQ": "3954", "Intel Core i7-4960HQ": "4554", "Intel Core i7-4960X": "4634", "Intel Core i7-4980HQ": "6240", "Intel Core i7-5500U": "6382", "Intel Core i7-5550U": "6384", "Intel Core i7-5557U": "6404", "Intel Core i7-5600U": "6381", "Intel Core i7-5650U": "6380", "Intel Core i7-5700HQ": "6829", "Intel Core i7-5750HQ": "6830", "Intel Core i7-5775C": "6904", "Intel Core i7-5850HQ": "6831", "Intel Core i7-5950HQ": "6832", "Intel Core i7-5960X": "8536", "Intel Core i7-6500U": "6968", "Intel Core i7-6560U": "7044", "Intel Core i7-6567U": "7040", "Intel Core i7-6600U": "6969", "Intel Core i7-6650U": "7045", "Intel Core i7-6700": "7101", "Intel Core i7-6700HQ": "6973", "Intel Core i7-6700K": "6949", "Intel Core i7-6700T": "8009", "Intel Core i7-6770HQ": "8019", "Intel Core i7-6820HK": "6974", "Intel Core i7-6820HQ": "6975", "Intel Core i7-6870HQ": "8018", "Intel Core i7-6920HQ": "6976", "Intel Core i7-6950X": "8534", "Intel Core i7-6970HQ": "8017", "Intel Core i7-7500U": "8149", "Intel Core i7-7560U": "8420", "Intel Core i7-7567U": "8451", "Intel Core i7-7600U": "8410", "Intel Core i7-7660U": "8419", "Intel Core i7-7700": "8566", "Intel Core i7-7700HQ": "8400", "Intel Core i7-7700K": "8421", "Intel Core i7-7700T": "12579", "Intel Core i7-7740X": "9174", "Intel Core i7-7820HK": "8415", "Intel Core i7-7820HQ": "8413", "Intel Core i7-7920HQ": "8412", "Intel Core i7-7Y75": "8161", "Intel Core i7-8086K": "10106", "Intel Core i7-8500Y": "10088", "Intel Core i7-8550U": "9208", "Intel Core i7-8557U": "11435", "Intel Core i7-8559U": "10072", "Intel Core i7-8565U": "10082", "Intel Core i7-8650U": "9212", "Intel Core i7-8665U": "11328", "Intel Core i7-8700": "9932", "Intel Core i7-8700K": "9296", "Intel Core i7-8705G": "9676", "Intel Core i7-8706G": "9678", "Intel Core i7-8709G": "9680", "Intel Core i7-8750H": "9576", "Intel Core i7-8809G": "9618", "Intel Core i7-8850H": "9578", "Intel Core i7-9700": "12254", "Intel Core i7-9700K": "11116", "Intel Core i7-9750H": "11352", "Intel Core i7-9850H": "11350", "Intel Core i9-10885H": "11962", "Intel Core i9-10900K": "12211", "Intel Core i9-10910": "12832", "Intel Core i9-10980HK": "11873", "Intel Core i9-10980XE": "11561", "Intel Core i9-7900X": "9182", "Intel Core i9-8950HK": "9900", "Intel Core i9-9880H": "11348", "Intel Core i9-9900K": "10442", "Intel Core i9-9900KS": "11553", "Intel Core i9-9900T": "12027", "Intel Core i9-9980HK": "11341", "Intel Core i9-9980XE": "11498", "Intel Core M-5Y10": "6369", "Intel Core M-5Y10a": "6368", "Intel Core M-5Y10c": "6479", "Intel Core M-5Y31": "6478", "Intel Core M-5Y51": "6477", "Intel Core M-5Y70": "6367", "Intel Core M-5Y71": "6476", "Intel Core m3-6Y30": "6961", "Intel Core m3-7Y30": "8163", "Intel Core m3-7Y32": "9062", "Intel Core m3-8100Y": "10086", "Intel Core m5-6Y54": "6962", "Intel Core m5-6Y57": "6963", "Intel Core m7-6Y75": "6964", "Intel Pentium 2020M": "3516", "Intel Pentium 2030M": "3732", "Intel Pentium 2117U": "3515", "Intel Pentium 2127U": "4065", "Intel Pentium 2129Y": "3652", "Intel Pentium 3550M": "4566", "Intel Pentium 3556U": "4567", "Intel Pentium 3558U": "4745", "Intel Pentium 3560M": "5868", "Intel Pentium 3560Y": "4568", "Intel Pentium 3561Y": "4746", "Intel Pentium 3805U": "6401", "Intel Pentium 3825U": "6762", "Intel Pentium 4405U": "7041", "Intel Pentium 4405Y": "7036", "Intel Pentium 957": "2728", "Intel Pentium 967": "3334", "Intel Pentium 977": "3059", "Intel Pentium 987": "3340", "Intel Pentium 997": "3547", "Intel Pentium B940": "2370", "Intel Pentium B950": "2368", "Intel Pentium B960": "2988", "Intel Pentium B970": "3017", "Intel Pentium B980": "3332", "Intel Pentium G4500T": "8008", "Intel Pentium G860": "3766", "Intel Pentium Gold 4410Y": "9584", "Intel Pentium Gold 4415U": "9292", "Intel Pentium Gold 4415Y": "9580", "Intel Pentium Gold 4417U": "11489", "Intel Pentium Gold 4425Y": "11316", "Intel Pentium Gold 5405U": "11256", "Intel Pentium Gold 6405U": "11528", "Intel Pentium Gold 7505": "12234", "Intel Pentium J2850": "4518", "Intel Pentium J2900": "4769", "Intel Pentium N3510": "4415", "Intel Pentium N3520": "4984", "Intel Pentium N3530": "5688", "Intel Pentium N3540": "6010", "Intel Pentium N3700": "6779", "Intel Pentium N3710": "8096", "Intel Pentium N4200": "8180", "Intel Pentium Silver N5000": "9420", "Intel Pentium Silver N5030": "11531", "Intel Xeon E-2176G": "11438", "Intel Xeon E-2176M": "9904", "Intel Xeon E-2186M": "9902", "Intel Xeon E-2276M": "11549", "Intel Xeon E3-1226 v3": "7888", "Intel Xeon E3-1230 v3": "6812", "Intel Xeon E3-1231 v3": "6914", "Intel Xeon E3-1280 v5": "9412", "Intel Xeon E3-1505M v5": "6982", "Intel Xeon E3-1505M v6": "8448", "Intel Xeon E3-1515M v5": "8012", "Intel Xeon E3-1535M v5": "6979", "Intel Xeon E3-1535M v6": "8423", "Intel Xeon E3-1545M v5": "8011", "Intel Xeon E3-1575M v5": "8010", "Intel Xeon E5-2680": "3776", "Intel Xeon E5-2680 v4": "8249", "Intel Xeon E5-2697 v2": "6184", "Intel Xeon W-10855M": "12207", "Intel Xeon W-10885M": "12205", "Intel Xeon W-2145": "9918", "Loongson 2F 900MHz": "480", "Marvell Armada PXA1908": "6776", "Marvell PXA1088": "5963", "Marvell PXA986": "4461", "MediaTek Dimensity 1000+": "12776", "MediaTek Dimensity 720": "12994", "MediaTek Dimensity 800": "13001", "MediaTek Dimensity 800U": "12955", "MediaTek Dimensity 820": "12753", "Mediatek Helio A20 MT6761D": "12726", "Mediatek Helio A22 MT6761": "11369", "Mediatek Helio A22 MT6762M": "10951", "Mediatek Helio A25": "11933", "Mediatek Helio G25": "12926", "Mediatek Helio G70": "12223", "Mediatek Helio G80": "12221", "Mediatek Helio G85": "12751", "Mediatek Helio G90T": "11505", "Mediatek Helio G95": "12939", "Mediatek Helio P10 MT6755": "8061", "Mediatek Helio P20 (LP4) MT6757": "8564", "Mediatek Helio P22 MT6762": "10561", "Mediatek Helio P23 MT6763T": "9510", "Mediatek Helio P23 MT6763V": "10931", "Mediatek Helio P25": "9222", "Mediatek Helio P35 MT6765": "11371", "Mediatek Helio P60": "10012", "Mediatek Helio P60T": "12252", "Mediatek Helio P65": "12257", "Mediatek Helio P70": "11360", "Mediatek Helio P90": "11886", "Mediatek Helio X10 MT6795": "6467", "Mediatek Helio X20 MT6797": "8399", "Mediatek Helio X25 MTK6797T": "10556", "MediaTek Helio X27 MT6797X": "10102", "MediaTek MT6572": "4742", "MediaTek MT6575": "4195", "MediaTek MT6577": "3758", "Mediatek MT6580M": "8081", "Mediatek MT6582": "5956", "Mediatek MT6582M": "5842", "Mediatek MT6589": "4117", "Mediatek MT6589T": "5358", "Mediatek MT6592": "5482", "Mediatek MT6595": "5801", "Mediatek MT6595 Turbo": "6471", "Mediatek MT6595M": "6470", "Mediatek MT6732": "6617", "Mediatek MT6735": "6951", "Mediatek MT6735M": "8530", "Mediatek MT6735P": "8522", "Mediatek MT6737": "8196", "Mediatek MT6737T": "8500", "Mediatek MT6739": "9972", "Mediatek MT6739WW": "11387", "Mediatek MT6750": "8490", "Mediatek MT6750N": "10096", "Mediatek MT6750S": "10094", "Mediatek MT6752": "6472", "Mediatek MT6753": "7010", "Mediatek MT8121": "6175", "Mediatek MT8125": "4456", "Mediatek MT8127": "6538", "Mediatek MT8135": "4715", "MediaTek MT8161": "6882", "MediaTek MT8163 V/A 1.5 GHz": "8109", "MediaTek MT8163 V/B 1.3 GHz": "8108", "Mediatek MT8165": "6996", "MediaTek MT8168": "12645", "Mediatek MT8173": "6666", "Mediatek MT8173C": "8520", "Mediatek MT8176": "8401", "Mediatek MT8183": "11547", "MediaTek MT8312": "5724", "MediaTek MT8317T": "3715", "Mediatek MT8321": "10040", "MediaTek MT8377": "4139", "Mediatek MT8389": "4539", "Mediatek MT8732": "6616", "Mediatek MT8735": "8215", "Mediatek MT8752": "6615", "Mediatek MT8768": "12755", "Microsoft SQ1": "11516", "Nvidia Tegra 2 (250)": "1505", "NVIDIA Tegra 3": "3006", "Nvidia Tegra 4": "3699", "Nvidia Tegra K1": "4977", "Nvidia Tegra K1 (Denver)": "6446", "Nvidia Tegra X1": "6612", "NXP i.MX 6SLL": "11524", "Qualcomm 205": "8538", "Qualcomm Snapdragon 200 8210": "5931", "Qualcomm Snapdragon 200 8225Q": "4550", "Qualcomm Snapdragon 200 MSM8212": "6469", "Qualcomm Snapdragon 210 MSM8909": "6977", "Qualcomm Snapdragon 212 APQ8009": "8007", "Qualcomm Snapdragon 215": "12209", "Qualcomm Snapdragon 400 8930AB": "4413", "Qualcomm Snapdragon 400 APQ8026": "6436", "Qualcomm Snapdragon 400 APQ8028": "6031", "Qualcomm Snapdragon 400 MSM8226": "4978", "Qualcomm Snapdragon 400 MSM8926": "5958", "Qualcomm Snapdragon 400 MSM8928": "6034", "Qualcomm Snapdragon 410 APQ8016": "6808", "Qualcomm Snapdragon 410 MSM8916": "4974", "Qualcomm Snapdragon 415 MSM8929": "6679", "Qualcomm Snapdragon 425 (MSM8917)": "6685", "Qualcomm Snapdragon 429": "11422", "Qualcomm Snapdragon 430 (MSM8937)": "8169", "Qualcomm Snapdragon 435": "8506", "Qualcomm Snapdragon 439": "11405", "Qualcomm Snapdragon 450": "9946", "Qualcomm Snapdragon 460": "12991", "Qualcomm Snapdragon 600 APQ8064T": "3792", "Qualcomm Snapdragon 610 MSM8936": "5690", "Qualcomm Snapdragon 615 MSM8939": "5691", "Qualcomm Snapdragon 616 MSM8939v2": "7846", "Qualcomm Snapdragon 617 MSM8952": "7838", "Qualcomm Snapdragon 625": "8168", "Qualcomm Snapdragon 626": "9196", "Qualcomm Snapdragon 630": "9246", "Qualcomm Snapdragon 632": "11121", "Qualcomm Snapdragon 636": "9956", "Qualcomm Snapdragon 650 MSM8956": "6686", "Qualcomm Snapdragon 652 MSM8976": "7946", "Qualcomm Snapdragon 660": "9944", "Qualcomm Snapdragon 662": "12771", "Qualcomm Snapdragon 665": "11487", "Qualcomm Snapdragon 670": "11379", "Qualcomm Snapdragon 675": "11403", "Qualcomm Snapdragon 690 5G": "12957", "Qualcomm Snapdragon 710": "10981", "Qualcomm Snapdragon 712": "11301", "Qualcomm Snapdragon 720G": "12213", "Qualcomm Snapdragon 730": "11431", "Qualcomm Snapdragon 730G": "11555", "Qualcomm Snapdragon 732G": "12763", "Qualcomm Snapdragon 750G 5G": "12974", "Qualcomm Snapdragon 765": "12219", "Qualcomm Snapdragon 765G": "11878", "Qualcomm Snapdragon 800 MSM8974": "4338", "Qualcomm Snapdragon 801 APQ8074AB": "5921", "Qualcomm Snapdragon 801 MSM8974AA": "6607", "Qualcomm Snapdragon 801 MSM8974AB": "4675", "Qualcomm Snapdragon 801 MSM8974AC": "5680", "Qualcomm Snapdragon 805 APQ8084": "4973", "Qualcomm Snapdragon 808 MSM8992": "5975", "Qualcomm Snapdragon 810 MSM8994": "5902", "Qualcomm Snapdragon 820 MSM8996": "7889", "Qualcomm Snapdragon 821 MSM8996 Pro": "8301", "Qualcomm Snapdragon 835 (8998)": "8554", "Qualcomm Snapdragon 845": "9958", "Qualcomm Snapdragon 850": "11391", "Qualcomm Snapdragon 855": "11011", "Qualcomm Snapdragon 855+ / 855 Plus": "11491", "Qualcomm Snapdragon 865": "11551", "Qualcomm Snapdragon 865+ (Plus)": "12716", "Qualcomm Snapdragon 8cx": "11394", "Qualcomm Snapdragon S1 MSM7225A": "4266", "Qualcomm Snapdragon S1 MSM7227": "1534", "Qualcomm Snapdragon S1 MSM7227A": "3599", "Qualcomm Snapdragon S1 QSD8250": "1218", "Qualcomm Snapdragon S2 MSM8255": "2722", "Qualcomm Snapdragon S3 MSM8260": "3760", "Qualcomm Snapdragon S3 MSM8660": "3768", "Qualcomm Snapdragon S4 Play MSM8225": "3773", "Qualcomm Snapdragon S4 Play MSM8225Q": "4732", "Qualcomm Snapdragon S4 Play MSM8625Q": "5974", "Qualcomm Snapdragon S4 Plus APQ8060A": "3588", "Qualcomm Snapdragon S4 Plus MSM8227": "3705", "Qualcomm Snapdragon S4 Plus MSM8230": "4062", "Qualcomm Snapdragon S4 Plus MSM8260A": "3213", "Qualcomm Snapdragon S4 Plus MSM8930": "3725", "Qualcomm Snapdragon S4 Plus MSM8960": "3093", "Qualcomm Snapdragon S4 Pro APQ8064A": "3645", "Qualcomm Snapdragon S4 Pro MSM8960DT": "5678", "Qualcomm Snapdragon S4 Pro MSM8960T": "4455", "Qualcomm Snapdragon Wear 2100": "12640", "Qualcomm Snapdragon Wear 3100": "12638", "Qualcomm Snapdragon Wear 4100+": "12766", "Renesas MP5232": "5844", "Rockchip RK2918": "2999", "Rockchip RK2918 1.2 GHz": "3317", "Rockchip RK3066 1.5 GHz": "3576", "Rockchip RK3168": "4129", "Rockchip RK3188": "4137", "Rockchip RK3288": "6984", "Samsung Exynos 3470 Quad": "6335", "Samsung Exynos 3475 Quad": "8077", "Samsung Exynos 4210 1.2 GHz": "3212", "Samsung Exynos 4210 1.4 GHz": "3056", "Samsung Exynos 4212 1.5 GHz": "4458", "Samsung Exynos 4412 Quad": "3331", "Samsung Exynos 5250 Dual": "3644", "Samsung Exynos 5260 Hexa": "5840", "Samsung Exynos 5410 Octa": "3957", "Samsung Exynos 5420 Octa": "4674", "Samsung Exynos 5430 Octa": "6444", "Samsung Exynos 5433 Octa": "6433", "Samsung Exynos 7420 Octa": "6662", "Samsung Exynos 7570 Quad": "9160", "Samsung Exynos 7578": "8021", "Samsung Exynos 7580 Octa": "7840", "Samsung Exynos 7870 Octa": "8118", "Samsung Exynos 7880": "8474", "Samsung Exynos 7884B": "11428", "Samsung Exynos 7885": "9936", "Samsung Exynos 7904": "11376", "Samsung Exynos 850": "12728", "Samsung Exynos 8890 Octa": "8020", "Samsung Exynos 8895 Octa": "8590", "Samsung Exynos 9110": "11540", "Samsung Exynos 9609": "11407", "Samsung Exynos 9610": "11346", "Samsung Exynos 9611": "11543", "Samsung Exynos 9810": "9632", "Samsung Exynos 9820": "11322", "Samsung Exynos 9825": "11485", "Samsung Exynos 990": "11939", "Samsung Hummingbird S5PC110 / Exynos 3110": "1506", "Spreadtrum SC7731": "8066", "Spreadtrum SC8830": "6891", "Spreadtrum SC9830A": "8078", "ST-Ericsson NovaThor U8420": "3674", "ST-Ericsson NovaThor U8500": "3384", "Telechips TCC8803 1GHz": "3327", "Texas Instruments OMAP 3622": "3328", "Texas Instruments OMAP 3630 1GHz": "3330", "Texas Instruments OMAP 4430": "3004", "Texas Instruments OMAP 4460": "3601", "Texas Instruments OMAP 4470": "3647", "UNISOC SC9863A": "11424", "UNISOC Tiger T618": "12997", "VIA Nano QuadCore L4700": "2677", "WonderMedia PRIZM WM8950": "3778", "ZiiLABS ZMS-08": "3329"}