{"acer": "18", "airtab": "709", "alcatel": "480", "alienware": "19", "alldocube": "724", "amazon": "448", "ananta": "710", "anyware": "725", "aorus": "495", "apple": "20", "archos": "203", "asus": "11", "auzai": "695", "avadirect": "318", "averatec": "22", "beanque": "707", "beelink": "718", "blackberry": "451", "blackview": "540", "blu": "719", "bmax": "698", "bullman": "25", "c-force": "708", "cat": "517", "chuwi": "524", "creative": "704", "cube": "535", "cubot": "626", "cyber system": "27", "cyberpower": "267", "dell": "5", "dfi": "713", "digital storm": "429", "doogee": "513", "doro": "532", "dripp audio": "691", "durabook": "705", "dynabook": "687", "elephone": "518", "elonex": "218", "eluktronics": "685", "eurocom": "197", "fairphone": "575", "fitbit": "711", "fujitsu": "155", "garmin": "688", "gateway": "722", "getac": "240", "gigabyte": "146", "gigaset": "493", "gmk": "720", "google": "461", "honor": "508", "hp": "9", "htc": "443", "huami": "697", "huawei": "447", "ibuypower": "165", "impact display solutions": "703", "intel": "3", "jumper": "701", "kingston": "684", "lenovo": "35", "lg": "36", "lhmzniy": "700", "lincplus": "702", "maingear": "421", "medion": "44", "meizu": "671", "memteq": "706", "microsoft": "465", "mitac": "194", "mobvoi": "712", "motorola": "151", "msi": "15", "nexoc": "715", "nokia": "362", "nubia": "723", "ocean digital": "694", "one netbook": "721", "oneplus": "507", "oppo": "572", "origin pc": "383", "oukitel": "509", "panasonic": "48", "patriot": "699", "pepper jobs": "726", "polar": "717", "razer": "445", "realme": "693", "sager": "216", "samsung": "17", "schenker": "51", "sharp": "503", "sk hynix": "683", "sony": "13", "tcl": "696", "toshiba": "30", "trekstor": "466", "umi": "533", "umidigi": "628", "vaio": "675", "vissles": "716", "vivo": "571", "walmart": "689", "western digital": "692", "wiko": "496", "wileyfox": "573", "wortmann": "40", "xiaomi": "505", "xidu": "682", "zotac": "714", "zte": "477"}