name,score,price
"study",0.60499316,2679.0
"gaming",0.5037336,2679.0
"design",0.5138869,2679.0
"dev",0.5706736,2679.0
"study",0.75040454,10999.0
"gaming",0.5494408,10999.0
"design",0.6038088,10999.0
"dev",0.68472785,10999.0
"study",0.6023775,3599.0
"gaming",0.50133026,3599.0
"design",0.51845443,3599.0
"dev",0.5728844,3599.0
"study",0.6074674,6129.0
"gaming",0.51992244,6129.0
"design",0.5486524,6129.0
"dev",0.6112675,6129.0
"study",0.5992316,2859.0
"gaming",0.50063175,2859.0
"design",0.516637,2859.0
"dev",0.56941503,2859.0
"study",0.6028471,3799.0
"gaming",0.5035513,3799.0
"design",0.51349705,3799.0
"dev",0.5703545,3799.0
"study",0.605205,3299.0
"gaming",0.5037516,3299.0
"design",0.51392543,3299.0
"dev",0.57070506,3299.0
"study",0.7000807,6490.0
"gaming",0.53734124,6490.0
"design",0.581319,6490.0
"dev",0.6603118,6490.0
"study",0.6275425,7149.0
"gaming",0.5504451,7149.0
"design",0.5630307,7149.0
"dev",0.59692836,7149.0
"study",0.60826224,5229.0
"gaming",0.50401115,5229.0
"design",0.5144809,5229.0
"dev",0.5711596,5229.0
"study",0.5931485,4399.0
"gaming",0.49980947,4399.0
"design",0.5239471,4399.0
"dev",0.57599926,4399.0
"study",0.61191154,6085.0
"gaming",0.55892056,6085.0
"design",0.5500978,6085.0
"dev",0.57381713,6085.0
"study",0.63106793,3299.0
"gaming",0.51312834,3299.0
"design",0.53301096,3299.0
"dev",0.5901667,3299.0
"study",0.6070383,2990.0
"gaming",0.5038227,2990.0
"design",0.5147318,2990.0
"dev",0.571744,2990.0
"study",0.6094474,3429.0
"gaming",0.5045431,3429.0
"design",0.51594204,3429.0
"dev",0.5743375,3429.0
"study",0.6294677,5229.0
"gaming",0.5329149,5229.0
"design",0.53625387,5229.0
"dev",0.59605503,5229.0
"study",0.6391621,6959.0
"gaming",0.514247,6959.0
"design",0.5357273,6959.0
"dev",0.5943717,6959.0
"study",0.62403184,4299.0
"gaming",0.5153328,4299.0
"design",0.5401197,4299.0
"dev",0.5954551,4299.0
"study",0.60827166,5399.0
"gaming",0.5161838,5399.0
"design",0.5486347,5399.0
"dev",0.6015096,5399.0
"study",0.6044621,5399.0
"gaming",0.51542896,5399.0
"design",0.5466967,5399.0
"dev",0.5979415,5399.0
"study",0.60314065,2949.0
"gaming",0.5034917,2949.0
"design",0.51402366,2949.0
"dev",0.5711646,2949.0
"study",0.57601535,1999.0
"gaming",0.4785992,1999.0
"design",0.48047087,1999.0
"dev",0.5354058,1999.0
"study",0.5697439,2090.0
"gaming",0.48253638,2090.0
"design",0.4814099,2090.0
"dev",0.5356592,2090.0
"study",0.5964561,3199.0
"gaming",0.5030086,3199.0
"design",0.5123359,3199.0
"dev",0.5694044,3199.0
"study",0.605205,3811.0
"gaming",0.5037516,3811.0
"design",0.51392543,3811.0
"dev",0.57070506,3811.0
"study",0.57973194,3249.0
"gaming",0.4751317,3249.0
"design",0.4789849,3249.0
"dev",0.5429629,3249.0
"study",0.56880397,2390.0
"gaming",0.48245656,2390.0
"design",0.4812391,2390.0
"dev",0.5355194,2390.0
"study",0.59524935,3149.0
"gaming",0.50290614,3149.0
"design",0.5121167,3149.0
"dev",0.569225,3149.0
"study",0.6429942,6990.0
"gaming",0.5196683,6990.0
"design",0.53933764,6990.0
"dev",0.59624165,6990.0
"study",0.6308342,4099.0
"gaming",0.51353985,4099.0
"design",0.5342143,4099.0
"dev",0.5931336,4099.0
"study",0.6070235,3929.0
"gaming",0.5263908,3929.0
"design",0.5268675,3929.0
"dev",0.5776424,3929.0
"study",0.5960195,2690.0
"gaming",0.49962196,2690.0
"design",0.5232229,2690.0
"dev",0.5734244,2690.0
"study",0.628562,3199.0
"gaming",0.51291555,3199.0
"design",0.5325557,3199.0
"dev",0.58979416,3199.0
"study",0.6340596,3399.0
"gaming",0.5189096,3399.0
"design",0.53771436,3399.0
"dev",0.59491336,3399.0
"study",0.6197982,3499.0
"gaming",0.5078928,3499.0
"design",0.51981694,3499.0
"dev",0.5796647,3499.0
"study",0.68642586,8590.0
"gaming",0.63406557,8590.0
"design",0.652365,8590.0
"dev",0.66599166,8590.0
"study",0.6197982,3649.0
"gaming",0.5078928,3649.0
"design",0.51981694,3649.0
"dev",0.5796647,3649.0
"study",0.6278414,4999.0
"gaming",0.51091266,4999.0
"design",0.53677654,4999.0
"dev",0.59808046,4999.0
"study",0.5985679,2699.0
"gaming",0.50318795,2699.0
"design",0.5127196,2699.0
"dev",0.56971836,2699.0
"study",0.5999344,2799.0
"gaming",0.503304,2799.0
"design",0.5129678,2799.0
"dev",0.5699215,2799.0
"study",0.6288044,5799.0
"gaming",0.5325665,5799.0
"design",0.5385644,5799.0
"dev",0.59040594,5799.0
"study",0.57450336,2199.0
"gaming",0.4784708,2199.0
"design",0.48019615,2199.0
"dev",0.535181,2199.0
"study",0.74354297,5790.0
"gaming",0.64564264,5790.0
"design",0.65612185,5790.0
"dev",0.6937067,5790.0
"study",0.62565815,3749.0
"gaming",0.51266897,3749.0
"design",0.5320281,3749.0
"dev",0.58936244,3749.0
"study",0.64910096,5869.0
"gaming",0.5451199,5869.0
"design",0.5760154,5869.0
"dev",0.6340577,5869.0
"study",0.6105632,4098.0
"gaming",0.50412196,4098.0
"design",0.5153722,4098.0
"dev",0.57226807,4098.0
"study",0.5149841,1399.0
"gaming",0.46149462,1399.0
"design",0.42545322,1399.0
"dev",0.514606,1399.0
"study",0.75116205,7469.0
"gaming",0.5495051,7469.0
"design",0.60394645,7469.0
"dev",0.68484044,7469.0
"study",0.6070089,4899.0
"gaming",0.51564527,4899.0
"design",0.54715943,4899.0
"dev",0.5983201,4899.0
"study",0.5931669,4379.0
"gaming",0.50135076,4379.0
"design",0.522913,4379.0
"dev",0.57520324,4379.0
"study",0.6340596,3999.0
"gaming",0.50473964,3999.0
"design",0.5231479,3999.0
"dev",0.5927326,3999.0
"study",0.60827166,6099.0
"gaming",0.5161838,6099.0
"design",0.5486347,6099.0
"dev",0.6015096,6099.0
"study",0.60162866,2990.0
"gaming",0.5033633,2990.0
"design",0.51374894,2990.0
"dev",0.5709398,2990.0
"study",0.6025073,3519.0
"gaming",0.5039538,3519.0
"design",0.51468116,3519.0
"dev",0.5733057,3519.0
"study",0.60162866,3349.0
"gaming",0.5033633,3349.0
"design",0.51374894,3349.0
"dev",0.5709398,3349.0
"study",0.62702465,3599.0
"gaming",0.512785,3599.0
"design",0.53227633,3599.0
"dev",0.58956563,3599.0
"study",0.6294677,4599.0
"gaming",0.50824887,4599.0
"design",0.5286849,4599.0
"dev",0.5919878,4599.0
"study",0.6937766,9995.0
"gaming",0.5429727,9995.0
"design",0.61181915,9995.0
"dev",0.68226194,9995.0
"study",0.6006797,2299.0
"gaming",0.50336725,2299.0
"design",0.51310325,2299.0
"dev",0.5700323,2299.0
"study",0.57450336,2249.0
"gaming",0.4784708,2249.0
"design",0.48019615,2249.0
"dev",0.535181,2249.0
"study",0.72668797,16089.0
"gaming",0.80471945,16089.0
"design",0.79526645,16089.0
"dev",0.7692093,16089.0
"study",0.568375,1789.0
"gaming",0.4777347,1789.0
"design",0.4784598,1789.0
"dev",0.5327691,1789.0
"study",0.6360463,3790.0
"gaming",0.51986206,3790.0
"design",0.54208386,3790.0
"dev",0.59645426,3790.0
"study",0.5774071,2199.0
"gaming",0.4787174,2199.0
"design",0.48072374,2199.0
"dev",0.5356127,2199.0
"study",0.6294677,4049.0
"gaming",0.50247604,4049.0
"design",0.5213992,4049.0
"dev",0.5912082,4049.0
"study",0.70110554,7690.0
"gaming",0.53742826,7690.0
"design",0.5815052,7690.0
"dev",0.66046417,7690.0
"study",0.5985679,2849.0
"gaming",0.50318795,2849.0
"design",0.5127196,2849.0
"dev",0.56971836,2849.0
"study",0.60229236,3389.0
"gaming",0.50194776,3389.0
"design",0.5178022,3389.0
"dev",0.5708237,3389.0
"study",0.6419762,4401.0
"gaming",0.51448596,4401.0
"design",0.53623855,4401.0
"dev",0.59479,4401.0
"study",0.6294677,4049.0
"gaming",0.50247604,4049.0
"design",0.5213992,4049.0
"dev",0.5912082,4049.0
"study",0.5764625,2049.0
"gaming",0.47863716,2049.0
"design",0.4805521,2049.0
"dev",0.5354723,2049.0
"study",0.6294677,3999.0
"gaming",0.5134238,3999.0
"design",0.533966,3999.0
"dev",0.59293044,3999.0
"study",0.56283075,3090.0
"gaming",0.47935852,3090.0
"design",0.46782488,3090.0
"dev",0.53345335,3090.0
"study",0.65566826,4099.0
"gaming",0.4784797,4099.0
"design",0.4792491,4099.0
"dev",0.57965946,4099.0
"study",0.632936,6199.0
"gaming",0.5585091,6199.0
"design",0.57158166,6199.0
"dev",0.5984325,6199.0
"study",0.6387057,4090.0
"gaming",0.5318327,4090.0
"design",0.53734446,4090.0
"dev",0.59767026,4090.0
"study",0.605205,2799.0
"gaming",0.5037516,2799.0
"design",0.51392543,2799.0
"dev",0.57070506,2799.0
"study",0.74222344,5239.0
"gaming",0.6455306,5239.0
"design",0.6558821,5239.0
"dev",0.69351053,5239.0
"study",0.6439029,4679.0
"gaming",0.5123226,4679.0
"design",0.5384897,4679.0
"dev",0.60430735,4679.0
"study",0.60115486,4639.0
"gaming",0.50383896,4639.0
"design",0.5144354,4639.0
"dev",0.5731046,4639.0
"study",0.6226828,4799.0
"gaming",0.55763847,4799.0
"design",0.5697188,4799.0
"dev",0.5969082,4799.0
"study",0.6992444,7179.0
"gaming",0.53927636,7179.0
"design",0.59849256,7179.0
"dev",0.66941494,7179.0
"study",0.6072105,5399.0
"gaming",0.5247535,5399.0
"design",0.53241515,5399.0
"dev",0.5772505,5399.0
"study",0.60199803,3549.0
"gaming",0.48958218,3549.0
"design",0.49689457,3549.0
"dev",0.5649912,3549.0
"study",0.62500584,4999.0
"gaming",0.61019063,4999.0
"design",0.5849618,4999.0
"dev",0.60560226,4999.0
"study",0.62003666,3599.0
"gaming",0.50933707,3599.0
"design",0.52435976,3599.0
"dev",0.58243555,3599.0
"study",0.6419762,4016.0
"gaming",0.51448596,4016.0
"design",0.53623855,4016.0
"dev",0.59479,4016.0
"study",0.57947093,2690.0
"gaming",0.44556555,2690.0
"design",0.44898492,2690.0
"dev",0.5381204,2690.0
"study",0.56880397,2099.0
"gaming",0.48245656,2099.0
"design",0.4812391,2099.0
"dev",0.5355194,2099.0
"study",0.60499316,3299.0
"gaming",0.5037336,3299.0
"design",0.5138869,3299.0
"dev",0.5706736,3299.0
"study",0.6294677,3999.0
"gaming",0.5134238,3999.0
"design",0.533966,3999.0
"dev",0.59293044,3999.0
"study",0.6023775,3599.0
"gaming",0.50133026,3599.0
"design",0.51845443,3599.0
"dev",0.5728844,3599.0
"study",0.63025004,3099.0
"gaming",0.5039848,3099.0
"design",0.52120984,3099.0
"dev",0.5891646,3099.0
"study",0.6736851,5290.0
"gaming",0.5371007,5290.0
"design",0.59747696,5290.0
"dev",0.66407347,5290.0
"study",0.6030412,3499.0
"gaming",0.5013866,3499.0
"design",0.518575,3499.0
"dev",0.5729831,3499.0
"study",0.60827166,6899.0
"gaming",0.5161838,6899.0
"design",0.5486347,6899.0
"dev",0.6015096,6899.0
"study",0.52865756,2099.0
"gaming",0.4675768,2099.0
"design",0.44887272,2099.0
"dev",0.5009269,2099.0
"study",0.676008,6090.0
"gaming",0.57514876,6090.0
"design",0.63001436,6090.0
"dev",0.67088044,6090.0
"study",0.5711848,2619.0
"gaming",0.478189,2619.0
"design",0.47959325,2619.0
"dev",0.53468764,2619.0
"study",0.5985679,3069.0
"gaming",0.50318795,3069.0
"design",0.5127196,3069.0
"dev",0.56971836,3069.0
"study",0.60914415,2890.0
"gaming",0.5040015,2890.0
"design",0.5151144,2890.0
"dev",0.5720571,2890.0
"study",0.61047566,3546.0
"gaming",0.50419915,3546.0
"design",0.51488304,3546.0
"dev",0.5714886,3546.0
"study",0.6361049,5307.0
"gaming",0.5334785,5307.0
"design",0.53745973,5307.0
"dev",0.5970418,5307.0
"study",0.62632185,3119.0
"gaming",0.53221637,3119.0
"design",0.5344365,3119.0
"dev",0.59258574,3119.0
"study",0.63237154,3599.0
"gaming",0.5136704,3599.0
"design",0.5344936,3599.0
"dev",0.59336215,3599.0
"study",0.6278414,4999.0
"gaming",0.51091266,4999.0
"design",0.53677654,4999.0
"dev",0.59808046,4999.0
"study",0.605205,3974.0
"gaming",0.5037516,3974.0
"design",0.51392543,3974.0
"dev",0.57070506,3974.0
"study",0.61131203,3908.0
"gaming",0.5047015,3908.0
"design",0.51628083,3908.0
"dev",0.5746147,3908.0
"study",0.5742136,1940.0
"gaming",0.48291594,1940.0
"design",0.482222,1940.0
"dev",0.53632367,1940.0
"study",0.6070235,3269.0
"gaming",0.5043373,3269.0
"design",0.5155017,3269.0
"dev",0.5739771,3269.0
"study",0.62921244,4169.0
"gaming",0.5134021,4169.0
"design",0.53391963,4169.0
"dev",0.5928925,4169.0
"study",0.52598804,1690.0
"gaming",0.42951334,1690.0
"design",0.4120226,1690.0
"dev",0.48245978,1690.0
"study",0.57586986,2349.0
"gaming",0.47858685,2349.0
"design",0.48044443,2349.0
"dev",0.5353842,2349.0
"study",0.62500584,5099.0
"gaming",0.5578357,5099.0
"design",0.57014084,5099.0
"dev",0.59725356,5099.0
"study",0.59094584,2140.0
"gaming",0.4894508,2140.0
"design",0.5064011,2140.0
"dev",0.5624749,2140.0
"study",0.62403184,4199.0
"gaming",0.5153328,4199.0
"design",0.5401197,4199.0
"dev",0.5954551,4199.0
"study",0.3552839,1599.0
"gaming",0.38034922,1599.0
"design",0.33080626,1599.0
"dev",0.39210567,1599.0
"study",0.6090588,3029.0
"gaming",0.5040788,3029.0
"design",0.5146256,3029.0
"dev",0.571278,3029.0
"study",0.5999344,3199.0
"gaming",0.503304,3199.0
"design",0.5129678,3199.0
"dev",0.5699215,3199.0
"study",0.4855384,1259.0
"gaming",0.42571512,1259.0
"design",0.39374298,1259.0
"dev",0.4840316,1259.0
"study",0.632837,5990.0
"gaming",0.51880574,5990.0
"design",0.5374922,5990.0
"dev",0.5947316,5990.0
"study",0.57661515,1999.0
"gaming",0.47865012,1999.0
"design",0.48057985,1999.0
"dev",0.535495,1999.0
"study",0.57031596,2249.0
"gaming",0.48258495,2249.0
"design",0.48151383,2249.0
"dev",0.53574425,2249.0
"study",0.6044621,4699.0
"gaming",0.51542896,4699.0
"design",0.5466967,4699.0
"dev",0.5979415,4699.0
"study",0.52598804,2090.0
"gaming",0.42951334,2090.0
"design",0.4120226,2090.0
"dev",0.48245978,2090.0
"study",0.5637754,3019.0
"gaming",0.47545922,3019.0
"design",0.4752628,3019.0
"dev",0.5331757,3019.0
"study",0.4855384,1259.0
"gaming",0.42571512,1259.0
"design",0.39374298,1259.0
"dev",0.4840316,1259.0
"study",0.62384623,3699.0
"gaming",0.5100919,3699.0
"design",0.52629775,3699.0
"dev",0.58600354,3699.0
"study",0.6920293,5549.0
"gaming",0.53780097,5549.0
"design",0.59469,5549.0
"dev",0.6623389,5549.0
"study",0.63272816,3449.0
"gaming",0.5132693,3449.0
"design",0.53331256,3449.0
"dev",0.5904135,3449.0
"study",0.609761,4949.0
"gaming",0.5239248,4949.0
"design",0.5530346,4949.0
"dev",0.60898304,4949.0
"study",0.52613056,2179.0
"gaming",0.49964696,2179.0
"design",0.491332,2179.0
"dev",0.5170295,2179.0
"study",0.61047566,4149.0
"gaming",0.50419915,4149.0
"design",0.51488304,4149.0
"dev",0.5714886,4149.0
"study",0.70075,7490.0
"gaming",0.5752489,7490.0
"design",0.613556,7490.0
"dev",0.66687286,7490.0
"study",0.57031596,2434.0
"gaming",0.48258495,2434.0
"design",0.48151383,2434.0
"dev",0.53574425,2434.0
"study",0.60563785,2899.0
"gaming",0.5037883,2899.0
"design",0.51400405,2899.0
"dev",0.5707694,2899.0
"study",0.58135533,2099.0
"gaming",0.47905266,2099.0
"design",0.48144105,2099.0
"dev",0.5361997,2099.0
"study",0.6028471,3499.0
"gaming",0.5035513,3499.0
"design",0.51349705,3499.0
"dev",0.5703545,3499.0
"study",0.5637754,2599.0
"gaming",0.47545922,2599.0
"design",0.4752628,2599.0
"dev",0.5331757,2599.0
"study",0.60457844,4099.0
"gaming",0.50369835,4099.0
"design",0.5138116,4099.0
"dev",0.5706119,4099.0
"study",0.5986977,3099.0
"gaming",0.503199,3099.0
"design",0.5127432,3099.0
"dev",0.5697377,3099.0
"study",0.5263346,2299.0
"gaming",0.46737954,2299.0
"design",0.44845068,2299.0
"dev",0.50058156,2299.0
"study",0.6283996,3829.0
"gaming",0.5129017,3829.0
"design",0.5325262,3829.0
"dev",0.58977,3829.0
"study",0.61286837,3409.0
"gaming",0.50483364,3409.0
"design",0.5165636,3409.0
"dev",0.574846,3409.0
"study",0.7854451,5699.0
"gaming",0.59713805,5699.0
"design",0.6527716,5699.0
"dev",0.7158484,5699.0
"study",0.52598804,2090.0
"gaming",0.42951334,2090.0
"design",0.4120226,2090.0
"dev",0.48245978,2090.0
"study",0.60750246,3589.0
"gaming",0.50394666,3589.0
"design",0.51434284,3589.0
"dev",0.57104665,3589.0
"study",0.6070383,2795.0
"gaming",0.5038227,2795.0
"design",0.5147318,2795.0
"dev",0.571744,2795.0
"study",0.6032139,3499.0
"gaming",0.5097519,3499.0
"design",0.5236134,3499.0
"dev",0.57147974,3499.0
"study",0.5742136,2139.0
"gaming",0.48291594,2139.0
"design",0.482222,2139.0
"dev",0.53632367,2139.0
"study",0.69044286,5049.0
"gaming",0.6353134,5049.0
"design",0.65045315,5049.0
"dev",0.6781054,5049.0
"study",0.6074674,6129.0
"gaming",0.51992244,6129.0
"design",0.5486524,6129.0
"dev",0.6112675,6129.0
"study",0.58127934,1849.0
"gaming",0.4421263,1849.0
"design",0.44830465,1849.0
"dev",0.53790957,1849.0
"study",0.6032139,2949.0
"gaming",0.5035825,2949.0
"design",0.5135637,2949.0
"dev",0.57040906,2949.0
"study",0.62702465,4099.0
"gaming",0.512785,4099.0
"design",0.53227633,4099.0
"dev",0.58956563,4099.0
"study",0.52489287,1799.0
"gaming",0.4259614,1799.0
"design",0.41146064,1799.0
"dev",0.4823339,1799.0
"study",0.62959754,4089.0
"gaming",0.5134348,4089.0
"design",0.5339896,4089.0
"dev",0.59294975,4089.0
"study",0.57170767,2099.0
"gaming",0.48270312,2099.0
"design",0.4817667,2099.0
"dev",0.53595114,2099.0
"study",0.5774071,2199.0
"gaming",0.4787174,2199.0
"design",0.48072374,2199.0
"dev",0.5356127,2199.0
"study",0.5973453,4299.0
"gaming",0.5030841,4299.0
"design",0.5124974,4299.0
"dev",0.56953657,4299.0
"study",0.5985679,2559.0
"gaming",0.50318795,2559.0
"design",0.5127196,2559.0
"dev",0.56971836,2559.0
"study",0.62500584,4899.0
"gaming",0.5578357,4899.0
"design",0.57014084,4899.0
"dev",0.59725356,4899.0
"study",0.7022825,4799.0
"gaming",0.583964,4799.0
"design",0.6377832,4799.0
"dev",0.6715169,4799.0
"study",0.5149841,1399.0
"gaming",0.46149462,1399.0
"design",0.42545322,1399.0
"dev",0.514606,1399.0
"study",0.61443263,5190.0
"gaming",0.52831596,5190.0
"design",0.54015434,5190.0
"dev",0.5867467,5190.0
"study",0.605205,2799.0
"gaming",0.5037516,2799.0
"design",0.51392543,2799.0
"dev",0.57070506,2799.0
"study",0.53156126,1565.0
"gaming",0.46782336,1565.0
"design",0.4494003,1565.0
"dev",0.50135857,1565.0
"study",0.62776995,3369.0
"gaming",0.53233933,3369.0
"design",0.5346996,3369.0
"dev",0.592801,3369.0
"study",0.62793124,2649.0
"gaming",0.5181735,2649.0
"design",0.535978,2649.0
"dev",0.5925015,2649.0
"study",0.6294677,3649.0
"gaming",0.5134238,3649.0
"design",0.533966,3649.0
"dev",0.59293044,3649.0
"study",0.608388,4449.0
"gaming",0.5044532,4449.0
"design",0.5157496,4449.0
"dev",0.57417995,4449.0
"study",0.5799131,2229.0
"gaming",0.47893018,2229.0
"design",0.48117903,2229.0
"dev",0.53598523,2229.0
"study",0.75116205,7340.0
"gaming",0.5495051,7340.0
"design",0.60394645,7340.0
"dev",0.68484044,7340.0
"study",0.60229236,3449.0
"gaming",0.50341964,3449.0
"design",0.5138696,3449.0
"dev",0.5710385,3449.0
"study",0.62554187,6699.0
"gaming",0.55788124,6699.0
"design",0.57023823,6699.0
"dev",0.59733325,6699.0
"study",0.61488587,3577.0
"gaming",0.50500494,3577.0
"design",0.5169301,3577.0
"dev",0.57514596,3577.0
"study",0.5774071,2199.0
"gaming",0.4787174,2199.0
"design",0.48072374,2199.0
"dev",0.5356127,2199.0
"study",0.60827166,6099.0
"gaming",0.5161838,6099.0
"design",0.5486347,6099.0
"dev",0.6015096,6099.0
"study",0.62540287,3729.0
"gaming",0.5126473,3729.0
"design",0.5319817,3729.0
"dev",0.58932453,3729.0
"study",0.57450336,2259.0
"gaming",0.4784708,2259.0
"design",0.48019615,2259.0
"dev",0.535181,2259.0
"study",0.60499316,2879.0
"gaming",0.5037336,2879.0
"design",0.5138869,2879.0
"dev",0.5706736,2879.0
"study",0.6586503,7590.0
"gaming",0.5202898,7590.0
"design",0.5505556,7590.0
"dev",0.62016785,7590.0
"study",0.6361049,3599.0
"gaming",0.5139874,3599.0
"design",0.53517187,3599.0
"dev",0.59391713,3599.0
"study",0.60826576,3390.0
"gaming",0.5039269,3390.0
"design",0.5149548,3390.0
"dev",0.57192653,3390.0
"study",0.6399587,4019.0
"gaming",0.51431465,4019.0
"design",0.53587204,4019.0
"dev",0.59449005,4019.0
"study",0.66011524,6579.0
"gaming",0.5380769,6579.0
"design",0.586079,6579.0
"dev",0.6436303,6579.0
"study",0.56223804,2879.0
"gaming",0.4793082,2879.0
"design",0.4677172,2879.0
"dev",0.53336525,2879.0
"study",0.6170383,2890.0
"gaming",0.5272908,2890.0
"design",0.5576045,2890.0
"dev",0.6122432,2890.0
"study",0.5259883,1899.0
"gaming",0.42605442,1899.0
"design",0.4116597,1899.0
"dev",0.48249674,1899.0
"study",0.60162866,2790.0
"gaming",0.49732628,2790.0
"design",0.51078343,2790.0
"dev",0.57013583,2790.0
"study",0.5774071,2299.0
"gaming",0.4787174,2299.0
"design",0.48072374,2299.0
"dev",0.5356127,2299.0
"study",0.60162866,2990.0
"gaming",0.5033633,2990.0
"design",0.51374894,2990.0
"dev",0.5709398,2990.0
"study",0.6294677,4599.0
"gaming",0.50824887,4599.0
"design",0.5286849,4599.0
"dev",0.5919878,4599.0
"study",0.63754654,5049.0
"gaming",0.5216576,5049.0
"design",0.5501888,5049.0
"dev",0.6019739,5049.0
"study",0.5992316,2739.0
"gaming",0.5032443,2739.0
"design",0.51284015,2739.0
"dev",0.569817,2739.0
"study",0.5983126,3159.0
"gaming",0.50316626,3159.0
"design",0.5126732,3159.0
"dev",0.5696804,3159.0
"study",0.62776995,3179.0
"gaming",0.51284826,3179.0
"design",0.5324118,3179.0
"dev",0.58967644,3179.0
"study",0.6992444,6359.0
"gaming",0.7015346,6359.0
"design",0.7254112,6359.0
"dev",0.695957,6359.0
"study",0.62500584,5199.0
"gaming",0.61019063,5199.0
"design",0.5849618,5199.0
"dev",0.60560226,5199.0
"study",0.5983126,3059.0
"gaming",0.50316626,3059.0
"design",0.5126732,3059.0
"dev",0.5696804,3059.0
"study",0.60147166,2649.0
"gaming",0.50343454,2649.0
"design",0.51324713,2649.0
"dev",0.57015,2649.0
"study",0.6984729,3299.0
"gaming",0.5439757,3299.0
"design",0.6022164,3299.0
"dev",0.66117907,3299.0
"study",0.69044286,5999.0
"gaming",0.53766626,5999.0
"design",0.5944018,5999.0
"dev",0.66210306,5999.0
"study",0.6314269,4169.0
"gaming",0.53308123,4169.0
"design",0.5366098,4169.0
"dev",0.5963463,4169.0
"study",0.597405,2590.0
"gaming",0.5030046,2590.0
"design",0.5129816,2590.0
"dev",0.5703119,2590.0
"study",0.6025073,3329.0
"gaming",0.5039538,3329.0
"design",0.51468116,3329.0
"dev",0.5733057,3329.0
"study",0.52865756,2099.0
"gaming",0.4675768,2099.0
"design",0.44887272,2099.0
"dev",0.5009269,2099.0
"study",0.52489287,1849.0
"gaming",0.4259614,1849.0
"design",0.41146064,1849.0
"dev",0.4823339,1849.0
"study",0.60499316,2509.0
"gaming",0.5037336,2509.0
"design",0.5138869,2509.0
"dev",0.5706736,2509.0
"study",0.5774071,2299.0
"gaming",0.4787174,2299.0
"design",0.48072374,2299.0
"dev",0.5356127,2299.0
"study",0.6070089,3899.0
"gaming",0.5075079,3899.0
"design",0.5338235,3899.0
"dev",0.597082,3899.0
"study",0.74970764,9059.0
"gaming",0.5493816,9059.0
"design",0.6036822,9059.0
"dev",0.68462425,9059.0
"study",0.63025004,3499.0
"gaming",0.5039848,3499.0
"design",0.52120984,3499.0
"dev",0.5891646,3499.0
"study",0.62565815,3299.0
"gaming",0.51266897,3299.0
"design",0.5320281,3299.0
"dev",0.58936244,3299.0
"study",0.4937502,949.0
"gaming",0.42641243,949.0
"design",0.39523494,949.0
"dev",0.4852524,949.0
"study",0.5993057,1790.0
"gaming",0.503166,1790.0
"design",0.51332694,1790.0
"dev",0.57059443,1790.0
"study",0.74354297,7329.0
"gaming",0.54799545,7329.0
"design",0.6000705,7329.0
"dev",0.67770433,7329.0
"study",0.46653837,2899.0
"gaming",0.42410788,2899.0
"design",0.4058649,2899.0
"dev",0.4751352,2899.0
"study",0.60147166,2649.0
"gaming",0.50343454,2649.0
"design",0.51324713,2649.0
"dev",0.57015,2649.0
"study",0.56880397,1699.0
"gaming",0.48245656,1699.0
"design",0.4812391,1699.0
"dev",0.5355194,1699.0
"study",0.62565815,3099.0
"gaming",0.5017212,3099.0
"design",0.5194612,3099.0
"dev",0.5876402,3099.0
"study",0.5809286,2309.0
"gaming",0.47901642,2309.0
"design",0.48136353,2309.0
"dev",0.5361362,2309.0
"study",0.59085256,4099.0
"gaming",0.43963596,4099.0
"design",0.4396695,4099.0
"dev",0.5314996,4099.0
"study",0.6294677,3649.0
"gaming",0.5134238,3649.0
"design",0.533966,3649.0
"dev",0.59293044,3649.0
"study",0.59110624,2799.0
"gaming",0.49920473,2799.0
"design",0.5223302,2799.0
"dev",0.572694,2799.0
"study",0.44500592,999.0
"gaming",0.4380256,999.0
"design",0.4215865,999.0
"dev",0.47141135,999.0
"study",0.61488587,3589.0
"gaming",0.50500494,3589.0
"design",0.5169301,3589.0
"dev",0.57514596,3589.0
"study",0.6487113,6890.0
"gaming",0.52099216,6890.0
"design",0.54572177,6890.0
"dev",0.612186,6890.0
"study",0.5149841,1399.0
"gaming",0.46149462,1399.0
"design",0.42545322,1399.0
"dev",0.514606,1399.0
"study",0.60147166,2649.0
"gaming",0.50343454,2649.0
"design",0.51324713,2649.0
"dev",0.57015,2649.0
"study",0.6419762,4030.0
"gaming",0.51448596,4030.0
"design",0.53623855,4030.0
"dev",0.59479,4030.0
"study",0.59034604,2329.0
"gaming",0.48939985,2329.0
"design",0.5062921,2329.0
"dev",0.56238574,2329.0
"study",0.57170767,1849.0
"gaming",0.48270312,1849.0
"design",0.4817667,1849.0
"dev",0.53595114,1849.0
"study",0.6043366,3679.0
"gaming",0.5261626,3679.0
"design",0.52637935,3679.0
"dev",0.577243,3679.0
"study",0.74354297,6549.0
"gaming",0.64564264,6549.0
"design",0.65612185,6549.0
"dev",0.6937067,6549.0
"study",0.60229236,3449.0
"gaming",0.50194776,3449.0
"design",0.5178022,3449.0
"dev",0.5708237,3449.0
"study",0.63653773,4169.0
"gaming",0.5335152,4169.0
"design",0.5375384,4169.0
"dev",0.5971061,4169.0
"study",0.61691403,2559.0
"gaming",0.49297714,2559.0
"design",0.5086875,2559.0
"dev",0.5753796,2559.0
"study",0.6361049,5298.0
"gaming",0.5139874,5298.0
"design",0.53517187,5298.0
"dev",0.59391713,5298.0
"study",0.6916253,5359.0
"gaming",0.63541377,5359.0
"design",0.65066797,5359.0
"dev",0.6782812,5359.0
"study",0.60374045,2184.0
"gaming",0.5035426,2184.0
"design",0.5141327,2184.0
"dev",0.5712538,2184.0
"study",0.637915,5429.0
"gaming",0.5141411,5429.0
"design",0.5355007,5429.0
"dev",0.59418625,5429.0
"study",0.57031596,2249.0
"gaming",0.48258495,2249.0
"design",0.48151383,2249.0
"dev",0.53574425,2249.0
"study",0.5985679,2799.0
"gaming",0.50318795,2799.0
"design",0.5127196,2799.0
"dev",0.56971836,2799.0
"study",0.7080277,9499.0
"gaming",0.53887874,9499.0
"design",0.58525455,9499.0
"dev",0.6674967,9499.0
"study",0.6282451,5159.0
"gaming",0.51331997,5159.0
"design",0.5337439,5159.0
"dev",0.5927487,5159.0
"study",0.6341894,4890.0
"gaming",0.5189206,4890.0
"design",0.53773797,4890.0
"dev",0.5949327,4890.0
"study",0.58963484,1799.0
"gaming",0.48877394,1799.0
"design",0.5054262,1799.0
"dev",0.5617184,1799.0
"study",0.6023775,3269.0
"gaming",0.5039428,3269.0
"design",0.51465756,3269.0
"dev",0.5732864,3269.0
"study",0.67264533,4299.0
"gaming",0.57342243,4299.0
"design",0.61118233,4299.0
"dev",0.6421314,4299.0
